Amount, BHeap Insert, BHeap Pop, PQueue Insert, PQueue Pop
1000, 0.000309, 1.46e-06, 9.12e-05, 3.7e-07
2000, 0.000837, 2.51e-06, 0.0001788, 3.5e-07
3000, 0.0011936, 1.91e-06, 0.0003105, 3.8e-07
4000, 0.0016178, 2.62e-06, 0.0003712, 3.5e-07
5000, 0.0019515, 1.39e-06, 0.0005205, 3.8e-07
6000, 0.0021956, 1.2e-06, 0.0005876, 3.7e-07
7000, 0.0024792, 1.37e-06, 0.0006546, 3.8e-07
8000, 0.0027661, 2.37e-06, 0.0007137, 4e-07
9000, 0.0029961, 1.02e-06, 0.0009956, 3.8e-07
10000, 0.0032404, 1.09e-06, 0.0010628, 4e-07
11000, 0.003485, 1.25e-06, 0.0011298, 4e-07
12000, 0.0036995, 1.75e-06, 0.0011975, 3.7e-07
13000, 0.0039484, 1.74e-06, 0.0012649, 4e-07
14000, 0.0041662, 1.05e-06, 0.0013331, 3.8e-07
15000, 0.0043949, 1.18e-06, 0.001401, 3.7e-07
16000, 0.0046331, 1.06e-06, 0.00146, 3.6e-07
17000, 0.0048597, 1.09e-06, 0.0019533, 4.1e-07
18000, 0.0050872, 1.6e-06, 0.0020252, 4.1e-07
19000, 0.0054466, 1.17e-06, 0.0020932, 3.8e-07
20000, 0.0056621, 1.02e-06, 0.0021628, 4e-07
21000, 0.0059071, 1.39e-06, 0.0022306, 4e-07
22000, 0.0061247, 1.07e-06, 0.0022993, 4e-07
23000, 0.0063684, 1.27e-06, 0.0023695, 4.1e-07
24000, 0.0067396, 1.81e-06, 0.0024379, 3.9e-07
25000, 0.0071948, 1.54e-06, 0.0025052, 3.7e-07
26000, 0.0075483, 2.17e-06, 0.0025737, 4e-07
27000, 0.0079088, 1.91e-06, 0.0026422, 4e-07
28000, 0.0082694, 2.43e-06, 0.0027103, 3.6e-07
29000, 0.008642, 1.68e-06, 0.0027799, 3.6e-07
30000, 0.0090103, 1.82e-06, 0.0028545, 3.8e-07
31000, 0.0093632, 1.58e-06, 0.0029162, 3.8e-07
32000, 0.0097124, 1.48e-06, 0.0029848, 3.9e-07
33000, 0.0101381, 1.73e-06, 0.003052, 3.6e-07
34000, 0.0104214, 1.15e-06, 0.0038179, 4.1e-07
35000, 0.0106621, 1.31e-06, 0.0038874, 4e-07
36000, 0.0109358, 1.34e-06, 0.003955, 3.9e-07
37000, 0.0111945, 1.23e-06, 0.004023, 3.7e-07
38000, 0.0114611, 1.53e-06, 0.0040899, 4.2e-07
39000, 0.0116979, 1.78e-06, 0.0041579, 4e-07
40000, 0.0121664, 4.25e-06, 0.0042247, 3.9e-07
41000, 0.0125681, 1.82e-06, 0.0042919, 3.9e-07
42000, 0.0128067, 1.76e-06, 0.0043591, 4.1e-07
43000, 0.013055, 1.18e-06, 0.0044259, 4.3e-07
44000, 0.0133278, 1.83e-06, 0.0044933, 4.2e-07
45000, 0.0135719, 1.41e-06, 0.0045609, 3.7e-07
46000, 0.0138245, 1.6e-06, 0.0046306, 3.2e-07
47000, 0.0140808, 1.07e-06, 0.004686, 3e-07
48000, 0.0143191, 1.21e-06, 0.0047447, 3.2e-07
49000, 0.0145595, 2.53e-06, 0.0048031, 3e-07
50000, 0.0148544, 2.09e-06, 0.0048592, 3.3e-07
51000, 0.0150814, 9.6e-07, 0.0049135, 3.5e-07
52000, 0.0153288, 1.99e-06, 0.0049687, 3e-07
53000, 0.0155934, 1.14e-06, 0.0050236, 3.2e-07
54000, 0.0158529, 1.43e-06, 0.0050785, 3.2e-07
55000, 0.0161106, 1.74e-06, 0.0051338, 3.3e-07
56000, 0.0163754, 9.9e-07, 0.0051891, 3.2e-07
57000, 0.0165945, 1.09e-06, 0.0052443, 3e-07
58000, 0.0168474, 1.43e-06, 0.0052997, 2.9e-07
59000, 0.0170721, 1.29e-06, 0.0053557, 3.4e-07
60000, 0.0173026, 1.31e-06, 0.0054117, 3e-07
61000, 0.0175435, 1.06e-06, 0.0054599, 3.3e-07
62000, 0.0177678, 1.62e-06, 0.0055143, 3e-07
63000, 0.018002, 1.19e-06, 0.0055701, 3.1e-07
64000, 0.0182358, 1.12e-06, 0.0056258, 3.1e-07
65000, 0.0184672, 1.96e-06, 0.005681, 3.2e-07
66000, 0.0187091, 1.75e-06, 0.0057365, 3.2e-07
67000, 0.0189555, 1.18e-06, 0.0068805, 3.4e-07
68000, 0.0191796, 3.37e-06, 0.0069358, 3.4e-07
69000, 0.0194104, 1.26e-06, 0.0069913, 3.3e-07
70000, 0.0196519, 1.38e-06, 0.0070463, 3.3e-07
71000, 0.0198845, 1.37e-06, 0.0071042, 3.3e-07
72000, 0.0201196, 1.1e-06, 0.007162, 3.1e-07
73000, 0.0203541, 1.49e-06, 0.0072163, 3.3e-07
74000, 0.0205848, 1.17e-06, 0.0072715, 3.2e-07
75000, 0.0208222, 1.1e-06, 0.0073292, 3.2e-07
76000, 0.0210504, 9.6e-07, 0.0073777, 3.3e-07
77000, 0.0212862, 1.06e-06, 0.0074354, 3.2e-07
78000, 0.0215401, 1.02e-06, 0.0074901, 3.4e-07
79000, 0.021773, 9.7e-07, 0.0075456, 3.4e-07
80000, 0.0220067, 9.7e-07, 0.0076005, 3.3e-07
81000, 0.0222502, 1.22e-06, 0.0076548, 3.2e-07
82000, 0.0224885, 1.02e-06, 0.0077083, 3.2e-07
83000, 0.0227203, 1.1e-06, 0.0077675, 3.4e-07
84000, 0.0229646, 1.03e-06, 0.0078223, 3.4e-07
85000, 0.023193, 1.98e-06, 0.0078763, 3.4e-07
86000, 0.0234225, 1.02e-06, 0.0079338, 3.1e-07
87000, 0.0236642, 1.14e-06, 0.0079886, 3.1e-07
88000, 0.0238877, 1.47e-06, 0.0080438, 3.4e-07
89000, 0.0241205, 1.19e-06, 0.0080982, 3.2e-07
90000, 0.0243713, 1.3e-06, 0.0081529, 3.1e-07
91000, 0.0245913, 1.34e-06, 0.0081999, 3e-07
92000, 0.0248369, 1.2e-06, 0.0082553, 3.3e-07
93000, 0.0250656, 9.4e-07, 0.0083108, 3.2e-07
94000, 0.0252949, 1.08e-06, 0.0083656, 3.1e-07
95000, 0.0255388, 2.06e-06, 0.0084207, 2.9e-07
96000, 0.0257657, 9.8e-07, 0.0084758, 3.2e-07
97000, 0.0259983, 1.06e-06, 0.0085315, 3e-07
98000, 0.0262383, 1.51e-06, 0.0085858, 2.9e-07
99000, 0.0264634, 1.04e-06, 0.008639, 3e-07
100000, 0.0266992, 1.51e-06, 0.0086988, 3.3e-07
101000, 0.0269388, 2.85e-06, 0.0087535, 3.4e-07
102000, 0.0271747, 1.12e-06, 0.0088093, 3.5e-07
103000, 0.0274047, 1.12e-06, 0.0088651, 3.2e-07
104000, 0.0276778, 1.36e-06, 0.0089189, 3.3e-07
105000, 0.0281749, 1.37e-06, 0.0089726, 3.3e-07
106000, 0.0284019, 1.11e-06, 0.0090213, 3.4e-07
107000, 0.0286592, 1.2e-06, 0.009077, 3.1e-07
108000, 0.0289122, 1.31e-06, 0.0091326, 3.6e-07
109000, 0.0291853, 2.29e-06, 0.0091877, 3.5e-07
110000, 0.0294904, 1.53e-06, 0.0092423, 3.2e-07
111000, 0.0297798, 1.2e-06, 0.0092976, 3.3e-07
112000, 0.0300834, 1.31e-06, 0.0093527, 3.4e-07
113000, 0.0303509, 2.39e-06, 0.0094064, 3.3e-07
114000, 0.0306151, 1.23e-06, 0.0094612, 3e-07
115000, 0.0308883, 1.49e-06, 0.0095159, 3.3e-07
116000, 0.0311573, 3.23e-06, 0.0095705, 3.3e-07
117000, 0.0314476, 3.28e-06, 0.0096306, 3.4e-07
118000, 0.0317908, 1.01e-06, 0.009686, 3.2e-07
119000, 0.0320149, 9.8e-07, 0.009744, 3.3e-07
120000, 0.0322496, 9.5e-07, 0.0097982, 3.2e-07
121000, 0.0325264, 1.07e-06, 0.0098459, 3.2e-07
122000, 0.0327464, 1.19e-06, 0.0099013, 3e-07
123000, 0.0329772, 1.64e-06, 0.0099564, 3.2e-07
124000, 0.0332193, 1.14e-06, 0.0100108, 3.1e-07
125000, 0.0334738, 1.16e-06, 0.0100666, 3.3e-07
126000, 0.0337029, 1.77e-06, 0.0101208, 3e-07
127000, 0.0339825, 1.29e-06, 0.0101754, 3.1e-07
128000, 0.0342435, 1.97e-06, 0.0102306, 3e-07
129000, 0.0345131, 1.24e-06, 0.0102855, 3.3e-07
130000, 0.0347906, 1.51e-06, 0.0103402, 3.2e-07
131000, 0.0350444, 1.23e-06, 0.0103953, 2.9e-07
132000, 0.0353343, 1.17e-06, 0.0104511, 3.3e-07
133000, 0.0356044, 1.67e-06, 0.0126221, 3.6e-07
134000, 0.0358539, 1.17e-06, 0.0126785, 3.6e-07
135000, 0.0361234, 1.71e-06, 0.0127335, 3.4e-07
136000, 0.0363798, 1.3e-06, 0.0127818, 3.3e-07
137000, 0.0366423, 1.51e-06, 0.0128373, 3.4e-07
138000, 0.0369108, 1.75e-06, 0.0128918, 3.4e-07
139000, 0.0371792, 2.29e-06, 0.0129464, 3.4e-07
140000, 0.0374527, 1.35e-06, 0.0130019, 3.3e-07
141000, 0.0377204, 1.77e-06, 0.0130573, 3.7e-07
142000, 0.0379792, 1.2e-06, 0.013113, 3.6e-07
143000, 0.0382542, 1.09e-06, 0.0131678, 6.8e-07
144000, 0.038516, 1.72e-06, 0.0132228, 3.3e-07
145000, 0.0387791, 1.01e-06, 0.0132772, 3.3e-07
146000, 0.0390659, 1.39e-06, 0.0133424, 3.1e-07
147000, 0.0393158, 1.1e-06, 0.0133924, 3e-07
148000, 0.0395933, 1.33e-06, 0.0134422, 3e-07
149000, 0.0398639, 1.2e-06, 0.0134968, 3.2e-07
150000, 0.0401365, 1.41e-06, 0.0135484, 3.1e-07
151000, 0.0403933, 2.96e-06, 0.0135923, 3e-07
152000, 0.0406576, 1.28e-06, 0.0136445, 2.9e-07
153000, 0.0409339, 3.44e-06, 0.0136949, 3e-07
154000, 0.0411877, 2.68e-06, 0.0137455, 3e-07
155000, 0.041502, 1.4e-06, 0.0137954, 3.1e-07
156000, 0.0417587, 1.25e-06, 0.0138465, 3e-07
157000, 0.0420319, 1.31e-06, 0.0138975, 2.7e-07
158000, 0.0423133, 2.51e-06, 0.0139478, 3e-07
159000, 0.0425621, 2.2e-06, 0.0139986, 2.8e-07
160000, 0.0428397, 1.28e-06, 0.014049, 3.1e-07
161000, 0.0431105, 1.2e-06, 0.0140986, 2.9e-07
162000, 0.0433948, 2.2e-06, 0.0141521, 2.9e-07
163000, 0.0438643, 7.05e-06, 0.014205, 3e-07
164000, 0.0441784, 1.4e-06, 0.0142591, 3.1e-07
165000, 0.0444422, 1.17e-06, 0.0143114, 2.9e-07
166000, 0.044765, 2.06e-06, 0.0143581, 2.7e-07
167000, 0.0450154, 1.28e-06, 0.0144132, 2.9e-07
168000, 0.0452767, 1.2e-06, 0.0144716, 3.2e-07
169000, 0.0455711, 1.15e-06, 0.0145286, 3.1e-07
170000, 0.0458216, 1.56e-06, 0.014582, 3e-07
171000, 0.0460777, 1.99e-06, 0.0146327, 2.8e-07
172000, 0.0463406, 1.81e-06, 0.0146871, 2.7e-07
173000, 0.0466281, 1.45e-06, 0.0147407, 2.9e-07
174000, 0.0468929, 1.15e-06, 0.0147915, 2.9e-07
175000, 0.0471588, 1.16e-06, 0.0148408, 2.9e-07
176000, 0.0474204, 2.5e-06, 0.0148912, 2.8e-07
177000, 0.0476699, 1.94e-06, 0.0149407, 3e-07
178000, 0.047968, 2.46e-06, 0.014991, 3.2e-07
179000, 0.0482304, 1.12e-06, 0.0150412, 2.8e-07
180000, 0.0484898, 1.17e-06, 0.0150921, 2.7e-07
181000, 0.04876, 9.7e-07, 0.0151445, 2.8e-07
182000, 0.0490106, 1.46e-06, 0.0151881, 3.2e-07
183000, 0.049294, 1.32e-06, 0.0152382, 3.2e-07
184000, 0.0495644, 1.08e-06, 0.0152885, 2.8e-07
185000, 0.0498127, 1.27e-06, 0.0153387, 2.9e-07
186000, 0.0500833, 1.15e-06, 0.0153936, 2.7e-07
187000, 0.0503633, 1.35e-06, 0.0154448, 3e-07
188000, 0.050621, 1.18e-06, 0.0154977, 2.8e-07
189000, 0.0509151, 1.27e-06, 0.0155478, 3.4e-07
190000, 0.0511946, 1.69e-06, 0.0155984, 3e-07
191000, 0.0514667, 1.33e-06, 0.0156517, 2.8e-07
192000, 0.0517429, 1.32e-06, 0.0157013, 3e-07
193000, 0.0519964, 1.12e-06, 0.0157515, 3e-07
194000, 0.0522802, 1.26e-06, 0.0158023, 3.1e-07
195000, 0.052586, 1.9e-06, 0.0158529, 2.9e-07
196000, 0.0528455, 1.13e-06, 0.0159037, 3e-07
197000, 0.0531231, 1.78e-06, 0.0159486, 3.1e-07
198000, 0.0533947, 2.52e-06, 0.0160027, 2.8e-07
199000, 0.0536716, 1.19e-06, 0.0160568, 3.1e-07
200000, 0.0539386, 1.38e-06, 0.0161107, 3.2e-07
201000, 0.05426, 1.17e-06, 0.016164, 3.2e-07
202000, 0.0545751, 1.3e-06, 0.0162149, 3e-07
203000, 0.0548521, 1.13e-06, 0.0162649, 3e-07
204000, 0.0551446, 2.05e-06, 0.0163163, 3.1e-07
205000, 0.0555407, 1.9e-06, 0.0163696, 2.8e-07
206000, 0.0560179, 2.26e-06, 0.0164239, 5.4e-07
207000, 0.0562853, 2.02e-06, 0.0164748, 3e-07
208000, 0.0565383, 1.23e-06, 0.016527, 3.3e-07
209000, 0.0568194, 1.14e-06, 0.0165819, 2.9e-07
210000, 0.0570932, 1.25e-06, 0.0166322, 2.9e-07
211000, 0.0573432, 1.05e-06, 0.0166825, 2.8e-07
212000, 0.0576298, 1.71e-06, 0.0167262, 2.8e-07
213000, 0.058012, 1.99e-06, 0.0167781, 2.9e-07
214000, 0.0584471, 2.11e-06, 0.0168276, 2.8e-07
215000, 0.0587402, 1.24e-06, 0.0168816, 2.8e-07
216000, 0.0590306, 1.24e-06, 0.0169351, 3.2e-07
217000, 0.0596196, 3.08e-06, 0.0169887, 3e-07
218000, 0.0600662, 2.59e-06, 0.0170432, 3e-07
219000, 0.0604957, 2.46e-06, 0.0170974, 3.2e-07
220000, 0.0607947, 2.31e-06, 0.0171511, 3e-07
221000, 0.0611333, 1.53e-06, 0.0172045, 2.9e-07
222000, 0.0614901, 1.29e-06, 0.0172551, 3e-07
223000, 0.0617682, 1.24e-06, 0.0173079, 3.2e-07
224000, 0.0621101, 2.66e-06, 0.0173709, 3.1e-07
225000, 0.0624241, 1.77e-06, 0.017422, 2.9e-07
226000, 0.0627102, 4.01e-06, 0.0174754, 3e-07
227000, 0.0629842, 1.28e-06, 0.0175198, 2.9e-07
228000, 0.0632985, 4.51e-06, 0.0175755, 2.7e-07
229000, 0.0636055, 1.46e-06, 0.0176345, 2.9e-07
230000, 0.0638825, 2.33e-06, 0.0176849, 2.9e-07
231000, 0.0641528, 1.62e-06, 0.0177389, 2.9e-07
232000, 0.0644406, 1.32e-06, 0.017793, 3.2e-07
233000, 0.0647041, 1.17e-06, 0.0178468, 3.2e-07
234000, 0.0649655, 1.66e-06, 0.0178995, 3.1e-07
235000, 0.0652502, 1.18e-06, 0.017952, 3.1e-07
236000, 0.0655043, 1.64e-06, 0.0180068, 2.9e-07
237000, 0.0657812, 2.44e-06, 0.0180592, 3e-07
238000, 0.0660513, 2.77e-06, 0.0181116, 3e-07
239000, 0.0663132, 1.19e-06, 0.0181615, 2.8e-07
240000, 0.0665908, 1.21e-06, 0.0182121, 2.9e-07
241000, 0.0668551, 1.05e-06, 0.0182623, 3e-07
242000, 0.0671149, 1.22e-06, 0.0183069, 2.8e-07
243000, 0.067393, 1.25e-06, 0.0183602, 2.8e-07
244000, 0.0676437, 1.34e-06, 0.0184105, 2.8e-07
245000, 0.0679167, 1.49e-06, 0.0184606, 3.3e-07
246000, 0.0681827, 1.43e-06, 0.0185109, 3e-07
247000, 0.0684471, 1.27e-06, 0.0185604, 2.8e-07
248000, 0.0687092, 3.83e-06, 0.0186128, 3e-07
249000, 0.069067, 2.18e-06, 0.0186634, 3.1e-07
250000, 0.0693315, 1.36e-06, 0.0187137, 3e-07
251000, 0.069584, 1.44e-06, 0.0187638, 2.9e-07
252000, 0.069865, 1.99e-06, 0.018815, 3e-07
253000, 0.070153, 1.78e-06, 0.018866, 2.9e-07
254000, 0.0704203, 1.14e-06, 0.0189181, 2.8e-07
255000, 0.0706824, 1.52e-06, 0.0189676, 2.9e-07
256000, 0.0709617, 2.27e-06, 0.0190174, 2.7e-07
257000, 0.07125, 1.23e-06, 0.0190619, 3e-07
258000, 0.0715369, 1.16e-06, 0.0191124, 3e-07
259000, 0.0718212, 1.24e-06, 0.0191634, 3e-07
260000, 0.0721049, 1.89e-06, 0.0192141, 3e-07
261000, 0.0723845, 1.25e-06, 0.0192681, 2.9e-07
262000, 0.0726494, 1.36e-06, 0.0193208, 2.8e-07
263000, 0.0729391, 2.22e-06, 0.0193745, 3e-07
264000, 0.0732029, 1.21e-06, 0.0194284, 3e-07
265000, 0.0734792, 1.19e-06, 0.0235569, 3.1e-07
266000, 0.0737601, 1.33e-06, 0.0236128, 3.4e-07
267000, 0.0740386, 1.53e-06, 0.0236643, 3.3e-07
268000, 0.0743006, 1.09e-06, 0.0237151, 3.2e-07
269000, 0.0745748, 1.48e-06, 0.023765, 3.8e-07
270000, 0.0748419, 1.18e-06, 0.0238149, 3e-07
271000, 0.0751462, 1.4e-06, 0.0238658, 3.1e-07
272000, 0.0754417, 1.38e-06, 0.0239098, 3e-07
273000, 0.075823, 1.76e-06, 0.02396, 2.8e-07
274000, 0.0761566, 1.6e-06, 0.0240101, 3.1e-07
275000, 0.0764287, 1.53e-06, 0.0240622, 3e-07
276000, 0.0767348, 1.72e-06, 0.0241125, 3.2e-07
277000, 0.0771145, 4.27e-06, 0.0241632, 3.2e-07
278000, 0.0774024, 1.9e-06, 0.0242171, 3.4e-07
279000, 0.0777215, 1.5e-06, 0.0242675, 2.8e-07
280000, 0.0780102, 1.49e-06, 0.0243222, 3.4e-07
281000, 0.0782592, 1.35e-06, 0.0243732, 3e-07
282000, 0.0785697, 1.36e-06, 0.0244239, 3e-07
283000, 0.0788382, 1.44e-06, 0.0244738, 3.2e-07
284000, 0.0791047, 1.16e-06, 0.0245243, 2.9e-07
285000, 0.0793757, 1.27e-06, 0.0245745, 2.9e-07
286000, 0.0796431, 1.42e-06, 0.0246267, 3.8e-07
287000, 0.079942, 1.24e-06, 0.024671, 3.2e-07
288000, 0.0802542, 1.19e-06, 0.0247213, 3e-07
289000, 0.0805015, 1.34e-06, 0.0247713, 2.8e-07
290000, 0.0807805, 1.36e-06, 0.0248217, 3.2e-07
291000, 0.0810491, 1.21e-06, 0.0248715, 3.3e-07
292000, 0.0813088, 1.24e-06, 0.0249246, 3e-07
293000, 0.0815735, 1.09e-06, 0.0249755, 2.8e-07
294000, 0.081861, 1.69e-06, 0.0250261, 2.8e-07
295000, 0.0821239, 1.69e-06, 0.0250767, 2.8e-07
296000, 0.0823768, 1.58e-06, 0.025127, 2.8e-07
297000, 0.0826539, 2.68e-06, 0.0251817, 2.8e-07
298000, 0.082922, 1.2e-06, 0.0252323, 2.7e-07
299000, 0.0831774, 2.47e-06, 0.0252831, 3.3e-07
300000, 0.0834589, 1.11e-06, 0.0253333, 3e-07
301000, 0.0837224, 1.08e-06, 0.0253841, 2.9e-07
302000, 0.0839895, 1.27e-06, 0.0254286, 2.6e-07
303000, 0.0842662, 1.27e-06, 0.0254783, 3.1e-07
304000, 0.0845314, 1.11e-06, 0.0255284, 3e-07
305000, 0.0848591, 1.19e-06, 0.0255792, 2.9e-07
306000, 0.0851192, 1.2e-06, 0.0256299, 2.6e-07
307000, 0.0853734, 1.4e-06, 0.0256806, 2.9e-07
308000, 0.0856707, 1.28e-06, 0.0257311, 2.7e-07
309000, 0.0859504, 1.47e-06, 0.0257812, 3.1e-07
310000, 0.08623, 2.03e-06, 0.0258318, 3e-07
311000, 0.0865239, 1.38e-06, 0.0258818, 3e-07
312000, 0.0867717, 2.36e-06, 0.0259326, 3.1e-07
313000, 0.0870337, 3.31e-06, 0.0259824, 3e-07
314000, 0.0873066, 1.16e-06, 0.0260331, 2.9e-07
315000, 0.087597, 3.7e-06, 0.0260863, 3.1e-07
316000, 0.0878624, 1.47e-06, 0.0261367, 2.9e-07
317000, 0.0881669, 1.35e-06, 0.0261804, 3.2e-07
318000, 0.088425, 1.06e-06, 0.0262306, 3e-07
319000, 0.0886788, 1.15e-06, 0.0262812, 2.9e-07
320000, 0.0889615, 1.84e-06, 0.0263308, 2.8e-07
321000, 0.0892383, 1.26e-06, 0.0263805, 2.8e-07
322000, 0.0894881, 1.14e-06, 0.0264309, 2.8e-07
323000, 0.0897736, 1.41e-06, 0.0264813, 3.1e-07
324000, 0.0900569, 2.37e-06, 0.0265313, 2.9e-07
325000, 0.0903552, 1.25e-06, 0.0265804, 2.9e-07
326000, 0.0906218, 1.25e-06, 0.0266303, 2.8e-07
327000, 0.0911968, 2.44e-06, 0.0266807, 2.7e-07
328000, 0.0916782, 1.94e-06, 0.0267307, 2.9e-07
329000, 0.0920619, 1.41e-06, 0.0267814, 2.7e-07
330000, 0.0923343, 1.26e-06, 0.0268322, 3e-07
331000, 0.0926488, 1.63e-06, 0.0268861, 2.8e-07
332000, 0.0929355, 1.64e-06, 0.0269311, 3.1e-07
333000, 0.0932273, 1.21e-06, 0.0269805, 3.1e-07
334000, 0.0935075, 1.56e-06, 0.0270349, 3e-07
335000, 0.0937867, 1.11e-06, 0.0270852, 3.1e-07
336000, 0.0940787, 1.15e-06, 0.0271382, 3e-07
337000, 0.0943503, 1.34e-06, 0.0271885, 4.2e-07
338000, 0.0946125, 1.37e-06, 0.0272633, 3.4e-07
339000, 0.0948789, 1.64e-06, 0.0273154, 3e-07
340000, 0.0951507, 1.18e-06, 0.0273658, 3.3e-07
341000, 0.0954404, 2.56e-06, 0.0274171, 2.8e-07
342000, 0.0957456, 1.51e-06, 0.0274681, 2.9e-07
343000, 0.0960374, 2.27e-06, 0.0275366, 3e-07
344000, 0.0963388, 2.23e-06, 0.0275889, 2.7e-07
345000, 0.0966422, 1.42e-06, 0.0276394, 2.8e-07
346000, 0.0969161, 1.19e-06, 0.02769, 2.8e-07
347000, 0.0971769, 2.69e-06, 0.0277344, 2.7e-07
348000, 0.0974653, 1.7e-06, 0.0277854, 2.8e-07
349000, 0.0977324, 1.12e-06, 0.0278359, 3e-07
350000, 0.0979864, 1.08e-06, 0.027886, 2.9e-07
351000, 0.0982746, 1.5e-06, 0.0279359, 2.9e-07
352000, 0.0985472, 1.11e-06, 0.0279857, 8.1e-07
353000, 0.0987973, 1.08e-06, 0.0280374, 2.8e-07
354000, 0.0990755, 1.33e-06, 0.0280884, 2.9e-07
355000, 0.099334, 1.57e-06, 0.0281383, 2.8e-07
356000, 0.0996289, 1.42e-06, 0.0281884, 2.9e-07
357000, 0.0999127, 1.25e-06, 0.0282391, 2.8e-07
358000, 0.100169, 1.13e-06, 0.028289, 2.7e-07
359000, 0.100473, 1.26e-06, 0.0283392, 3.1e-07
360000, 0.100756, 1.35e-06, 0.0283899, 2.7e-07
361000, 0.101055, 1.15e-06, 0.0284402, 2.9e-07
362000, 0.101356, 1.26e-06, 0.0284843, 2.6e-07
363000, 0.10161, 1.45e-06, 0.028535, 2.7e-07
364000, 0.101878, 1.22e-06, 0.0285843, 2.8e-07
365000, 0.102158, 1.68e-06, 0.0286364, 3e-07
366000, 0.102427, 1.3e-06, 0.0286889, 3.2e-07
367000, 0.102702, 1.59e-06, 0.0287388, 2.9e-07
368000, 0.102972, 1.35e-06, 0.0287899, 2.7e-07
369000, 0.10324, 1.2e-06, 0.0288396, 3.1e-07
370000, 0.103497, 1.08e-06, 0.0288905, 2.8e-07
371000, 0.103766, 1.19e-06, 0.0289434, 3.1e-07
372000, 0.104053, 1.78e-06, 0.0289942, 2.8e-07
373000, 0.104334, 1.44e-06, 0.0290447, 3.1e-07
374000, 0.104607, 1.21e-06, 0.0290943, 3e-07
375000, 0.104877, 1.43e-06, 0.0291435, 3.1e-07
376000, 0.105131, 1.17e-06, 0.0291935, 2.8e-07
377000, 0.105411, 1.56e-06, 0.0292378, 2.9e-07
378000, 0.105663, 1.32e-06, 0.0292886, 2.8e-07
379000, 0.105959, 1.75e-06, 0.0293385, 2.7e-07
380000, 0.106349, 1.56e-06, 0.0293888, 2.8e-07
381000, 0.106613, 3.05e-06, 0.029439, 2.8e-07
382000, 0.106938, 3.34e-06, 0.0294884, 3.1e-07
383000, 0.107209, 1.37e-06, 0.0295385, 3.1e-07
384000, 0.107676, 2.71e-06, 0.0295883, 3.2e-07
385000, 0.108031, 3.1e-06, 0.0296387, 3e-07
386000, 0.108293, 1.26e-06, 0.0296889, 3e-07
387000, 0.108558, 1.24e-06, 0.0297397, 3e-07
388000, 0.108845, 1.61e-06, 0.0297904, 2.6e-07
389000, 0.109169, 1.4e-06, 0.0298404, 2.7e-07
390000, 0.109494, 1.73e-06, 0.0298941, 3e-07
391000, 0.109815, 2.91e-06, 0.0299451, 2.7e-07
392000, 0.110087, 1.18e-06, 0.0299892, 2.7e-07
393000, 0.110384, 1.85e-06, 0.0300395, 2.5e-07
394000, 0.110691, 2.59e-06, 0.0300902, 2.7e-07
395000, 0.110971, 2.33e-06, 0.0301396, 2.8e-07
396000, 0.111247, 2.91e-06, 0.0301899, 2.8e-07
397000, 0.111551, 2.21e-06, 0.0302407, 2.9e-07
398000, 0.111844, 1.06e-06, 0.030292, 3.4e-07
399000, 0.112111, 1.12e-06, 0.0303429, 3.2e-07
400000, 0.11237, 1.18e-06, 0.0303933, 3.2e-07
401000, 0.112714, 1.93e-06, 0.0304431, 3.1e-07
402000, 0.113031, 1.56e-06, 0.0304937, 3.2e-07
403000, 0.113289, 1.29e-06, 0.0305439, 3e-07
404000, 0.113541, 1.43e-06, 0.0305938, 3.1e-07
405000, 0.113816, 1.6e-06, 0.0306431, 3e-07
406000, 0.114133, 1.49e-06, 0.0306935, 2.9e-07
407000, 0.114428, 1.42e-06, 0.0307377, 3.3e-07
408000, 0.114707, 1.51e-06, 0.0307884, 2.9e-07
409000, 0.114957, 1.58e-06, 0.030864, 2.9e-07
410000, 0.115244, 1.77e-06, 0.0309158, 2.6e-07
411000, 0.115511, 2.11e-06, 0.0309659, 3.1e-07
412000, 0.115775, 1.47e-06, 0.0310159, 2.9e-07
413000, 0.116053, 1.28e-06, 0.0310666, 2.7e-07
414000, 0.116349, 1.2e-06, 0.0311169, 2.8e-07
415000, 0.116612, 1.29e-06, 0.0311673, 2.8e-07
416000, 0.116895, 1.23e-06, 0.0312172, 2.8e-07
417000, 0.117146, 2.98e-06, 0.0312671, 2.7e-07
418000, 0.117438, 1.1e-06, 0.0313174, 3e-07
419000, 0.117707, 1.1e-06, 0.0313675, 3e-07
420000, 0.117966, 1.06e-06, 0.0314173, 2.8e-07
421000, 0.118247, 1.44e-06, 0.0314671, 2.9e-07
422000, 0.118516, 1.13e-06, 0.0315111, 3.6e-07
423000, 0.118782, 2.01e-06, 0.0315605, 3.4e-07
424000, 0.119035, 1.1e-06, 0.0316107, 2.9e-07
425000, 0.119323, 1.23e-06, 0.0316608, 2.9e-07
426000, 0.119584, 1.35e-06, 0.0317105, 2.8e-07
427000, 0.119843, 1.23e-06, 0.0317611, 7.4e-07
428000, 0.120131, 2.55e-06, 0.0318115, 3e-07
429000, 0.120406, 1.24e-06, 0.0318617, 2.9e-07
430000, 0.120667, 2e-06, 0.0319123, 2.7e-07
431000, 0.120956, 1.99e-06, 0.0319622, 3.2e-07
432000, 0.121226, 1.93e-06, 0.0320132, 4.7e-07
433000, 0.121508, 1.32e-06, 0.0320753, 4.1e-07
434000, 0.121777, 1.23e-06, 0.0321266, 2.9e-07
435000, 0.122046, 1.08e-06, 0.0321769, 3e-07
436000, 0.12232, 1.44e-06, 0.0322313, 3.4e-07
437000, 0.12261, 1.49e-06, 0.0322819, 3.5e-07
438000, 0.122871, 1.61e-06, 0.0323261, 2.7e-07
439000, 0.123198, 1.88e-06, 0.0323767, 3.5e-07
440000, 0.12345, 1.13e-06, 0.0324266, 3.3e-07
441000, 0.123722, 1.65e-06, 0.0324772, 3e-07
442000, 0.124027, 2.77e-06, 0.0325276, 3e-07
443000, 0.124299, 2.38e-06, 0.0325787, 2.8e-07
444000, 0.124574, 1.1e-06, 0.0326292, 2.8e-07
445000, 0.124865, 1.3e-06, 0.0326796, 2.9e-07
446000, 0.125128, 1.3e-06, 0.0327336, 2.7e-07
447000, 0.125387, 1.25e-06, 0.0327847, 2.9e-07
448000, 0.125677, 2.52e-06, 0.0328355, 2.8e-07
449000, 0.125983, 2.58e-06, 0.0328859, 2.9e-07
450000, 0.126254, 1.13e-06, 0.0329365, 3e-07
451000, 0.126518, 1.14e-06, 0.0329865, 2.6e-07
452000, 0.126811, 1.41e-06, 0.0330369, 2.8e-07
453000, 0.127088, 1.21e-06, 0.0330806, 2.6e-07
454000, 0.127349, 1.27e-06, 0.0331317, 2.8e-07
455000, 0.127605, 1.11e-06, 0.0331815, 3.1e-07
456000, 0.127905, 1.15e-06, 0.0332315, 3.2e-07
457000, 0.128164, 1.29e-06, 0.0332811, 2.8e-07
458000, 0.128419, 1.76e-06, 0.0333311, 3e-07
459000, 0.128725, 1.25e-06, 0.0333808, 2.7e-07
460000, 0.128983, 1.36e-06, 0.0334315, 3.2e-07
461000, 0.129265, 1.25e-06, 0.033481, 3.1e-07
462000, 0.129549, 2.38e-06, 0.0335313, 3.1e-07
463000, 0.12981, 1.23e-06, 0.0335806, 3.1e-07
464000, 0.130082, 1.52e-06, 0.0336317, 3.3e-07
465000, 0.130352, 1.02e-06, 0.0336885, 3.2e-07
466000, 0.130637, 1.26e-06, 0.0337384, 3.1e-07
467000, 0.13091, 1.27e-06, 0.0337873, 2.9e-07
468000, 0.131172, 1.31e-06, 0.033832, 3.1e-07
469000, 0.131433, 1.08e-06, 0.0338819, 2.9e-07
470000, 0.131717, 2.15e-06, 0.0339322, 2.8e-07
471000, 0.131979, 1.18e-06, 0.0339818, 2.8e-07
472000, 0.132247, 1.34e-06, 0.0340325, 2.9e-07
473000, 0.13253, 1.35e-06, 0.0340821, 2.8e-07
474000, 0.132794, 1.12e-06, 0.0341325, 2.9e-07
475000, 0.133043, 1.17e-06, 0.0341826, 3e-07
476000, 0.133328, 1.33e-06, 0.0342334, 2.6e-07
477000, 0.133603, 1.46e-06, 0.0342839, 2.8e-07
478000, 0.133868, 1.25e-06, 0.0343339, 2.8e-07
479000, 0.134145, 1.76e-06, 0.0343844, 2.7e-07
480000, 0.134435, 1.26e-06, 0.0344353, 2.6e-07
481000, 0.13472, 1.39e-06, 0.0344855, 3e-07
482000, 0.135001, 1.03e-06, 0.0345367, 3.5e-07
483000, 0.135284, 1.09e-06, 0.034585, 2.9e-07
484000, 0.135545, 1.18e-06, 0.034636, 2.8e-07
485000, 0.135832, 1.21e-06, 0.0346873, 3.2e-07
486000, 0.136104, 1.36e-06, 0.0347411, 3e-07
487000, 0.1364, 1.81e-06, 0.0347943, 3e-07
488000, 0.136656, 1.25e-06, 0.0348457, 3.1e-07
489000, 0.136927, 1.26e-06, 0.034897, 3e-07
490000, 0.137224, 1.12e-06, 0.0349474, 2.9e-07
491000, 0.137479, 1.65e-06, 0.0349989, 3.3e-07
492000, 0.137747, 1.93e-06, 0.0350491, 2.9e-07
493000, 0.138049, 1.66e-06, 0.0351003, 3.2e-07
494000, 0.138315, 1.23e-06, 0.0351524, 3.4e-07
495000, 0.138583, 1.55e-06, 0.0352053, 2.9e-07
496000, 0.138861, 3.13e-06, 0.0352572, 2.6e-07
497000, 0.139149, 2.2e-06, 0.035314, 2.9e-07
498000, 0.139412, 1.72e-06, 0.0353588, 3e-07
499000, 0.139693, 2.75e-06, 0.0354095, 2.9e-07
500000, 0.139981, 2.34e-06, 0.0354596, 2.8e-07
501000, 0.140262, 1.16e-06, 0.03551, 2.9e-07
502000, 0.140542, 1.3e-06, 0.0355606, 3e-07
503000, 0.140827, 1.65e-06, 0.0356121, 2.8e-07
504000, 0.141096, 1.17e-06, 0.0356619, 2.9e-07
505000, 0.141366, 1.2e-06, 0.0357121, 2.8e-07
506000, 0.141621, 1.24e-06, 0.0357661, 3.4e-07
507000, 0.141976, 1.74e-06, 0.0358166, 2.9e-07
508000, 0.142312, 1.36e-06, 0.0358677, 2.9e-07
509000, 0.142574, 1.25e-06, 0.0359187, 2.7e-07
510000, 0.142872, 1.36e-06, 0.0359673, 4e-07
511000, 0.14313, 1.38e-06, 0.0360176, 2.6e-07
512000, 0.143408, 1.55e-06, 0.0360676, 4.7e-07
513000, 0.143719, 1.55e-06, 0.0361123, 2.8e-07
514000, 0.144003, 1.38e-06, 0.036163, 3.1e-07
515000, 0.144267, 2.37e-06, 0.0362131, 3.1e-07
516000, 0.144558, 1.42e-06, 0.0362634, 2.9e-07
517000, 0.144828, 1.86e-06, 0.0363132, 3.5e-07
518000, 0.145115, 1.33e-06, 0.0363639, 3.6e-07
519000, 0.145368, 1.29e-06, 0.0364199, 2.7e-07
520000, 0.145656, 1.35e-06, 0.0364705, 2.8e-07
521000, 0.145951, 1.3e-06, 0.0365205, 2.7e-07
522000, 0.146214, 1.18e-06, 0.0365707, 3.1e-07
523000, 0.146509, 1.53e-06, 0.0366207, 2.6e-07
524000, 0.146785, 1.24e-06, 0.0366733, 2.8e-07
525000, 0.147048, 9.1e-07, 0.0367227, 2.8e-07
526000, 0.147262, 1.02e-06, 0.0367737, 2.9e-07
527000, 0.147496, 9.2e-07, 0.036825, 2.8e-07
528000, 0.147707, 1.19e-06, 0.03687, 2.7e-07
529000, 0.147916, 1.07e-06, 0.0369216, 2.9e-07
530000, 0.148154, 1.06e-06, 0.0446631, 4.8e-07
531000, 0.148375, 1.87e-06, 0.0447375, 3.6e-07
532000, 0.148574, 9.7e-07, 0.0447945, 3.5e-07
533000, 0.148788, 1.43e-06, 0.0448468, 3.2e-07
534000, 0.14899, 1.21e-06, 0.0448967, 3.2e-07
535000, 0.149209, 9.5e-07, 0.0449471, 3.1e-07
536000, 0.149432, 3.92e-06, 0.0449977, 3e-07
537000, 0.149628, 1.32e-06, 0.045048, 3.3e-07
538000, 0.149849, 1.15e-06, 0.0450994, 2.9e-07
539000, 0.150049, 1.69e-06, 0.0451504, 3e-07
540000, 0.150275, 9.2e-07, 0.0452012, 3.1e-07
541000, 0.150494, 1.72e-06, 0.0452516, 3.2e-07
542000, 0.150723, 1.63e-06, 0.0453019, 4.1e-07
543000, 0.150946, 1.92e-06, 0.0453469, 3.2e-07
544000, 0.151184, 1.65e-06, 0.0453987, 5.6e-07
545000, 0.151385, 9.8e-07, 0.0454526, 3.6e-07
546000, 0.151589, 9.3e-07, 0.0455046, 5e-07
547000, 0.151804, 8.4e-07, 0.0455603, 1.15e-06
548000, 0.152008, 1.15e-06, 0.0456182, 4.2e-07
549000, 0.152264, 1.19e-06, 0.0456714, 4.2e-07
550000, 0.152475, 8.7e-07, 0.0457252, 3.6e-07
551000, 0.152684, 2.57e-06, 0.0457763, 5.8e-07
552000, 0.15288, 9.7e-07, 0.0458278, 2.9e-07
553000, 0.153113, 2.01e-06, 0.0458791, 2.8e-07
554000, 0.15332, 1.36e-06, 0.0459297, 2.8e-07
555000, 0.153538, 1.79e-06, 0.045982, 3e-07
556000, 0.153745, 2.98e-06, 0.0460354, 3.8e-07
557000, 0.153955, 1e-06, 0.0460916, 3.7e-07
558000, 0.154171, 9.6e-07, 0.0461422, 3e-07
559000, 0.154407, 1.29e-06, 0.0461979, 3.2e-07
560000, 0.154603, 8.9e-07, 0.0462581, 8.1e-07
561000, 0.154823, 1.1e-06, 0.0463323, 5e-07
562000, 0.15505, 1.4e-06, 0.046395, 3.6e-07
563000, 0.155255, 1.08e-06, 0.0464515, 2.8e-07
564000, 0.155498, 7.5e-07, 0.0465106, 3.3e-07
565000, 0.155661, 7e-07, 0.0465632, 3.2e-07
566000, 0.155833, 7.9e-07, 0.0466135, 4.7e-07
567000, 0.156012, 9.6e-07, 0.0466675, 5.1e-07
568000, 0.156178, 7.4e-07, 0.0467183, 4.4e-07
569000, 0.156359, 1.12e-06, 0.0467698, 3.7e-07
570000, 0.156532, 6.6e-07, 0.0468214, 3e-07
571000, 0.156702, 7.2e-07, 0.0468739, 5.4e-07
572000, 0.156881, 9.2e-07, 0.0469272, 4.2e-07
573000, 0.157043, 1.13e-06, 0.0469725, 3.9e-07
574000, 0.157223, 1.42e-06, 0.0470255, 3.1e-07
575000, 0.157398, 7.6e-07, 0.0470777, 3.1e-07
576000, 0.157569, 1.06e-06, 0.0471302, 2.8e-07
577000, 0.157739, 9.8e-07, 0.0471836, 3.1e-07
578000, 0.157913, 9.2e-07, 0.0472359, 3.1e-07
579000, 0.158085, 7.3e-07, 0.0472866, 3.3e-07
580000, 0.158271, 8e-07, 0.0473395, 3.3e-07
581000, 0.158452, 9e-07, 0.0473956, 3e-07
582000, 0.158624, 8.6e-07, 0.0474499, 3.4e-07
583000, 0.158785, 9.2e-07, 0.0475005, 2.9e-07
584000, 0.158968, 1.13e-06, 0.0475505, 3.1e-07
585000, 0.159149, 1.37e-06, 0.0476, 3.6e-07
586000, 0.159315, 8.8e-07, 0.0476513, 2.9e-07
587000, 0.159496, 1.37e-06, 0.0477022, 2.8e-07
588000, 0.159664, 1.01e-06, 0.047747, 3e-07
589000, 0.159843, 7.4e-07, 0.0477977, 3.3e-07
590000, 0.160014, 1.83e-06, 0.0478481, 3.1e-07
591000, 0.160183, 1.58e-06, 0.0478996, 2.6e-07
592000, 0.160367, 7.9e-07, 0.0479504, 3e-07
593000, 0.160531, 7.7e-07, 0.0480001, 4.3e-07
594000, 0.160703, 1.6e-06, 0.0480504, 4.1e-07
595000, 0.160884, 7.7e-07, 0.0481012, 2.9e-07
596000, 0.161068, 8.3e-07, 0.0481515, 3.3e-07
597000, 0.16125, 7.1e-07, 0.0482015, 3.6e-07
598000, 0.161426, 1.37e-06, 0.0482526, 3.1e-07
599000, 0.161595, 7.7e-07, 0.0483032, 3e-07
600000, 0.161764, 7.9e-07, 0.0483533, 2.9e-07
601000, 0.161946, 7.8e-07, 0.0484073, 3e-07
602000, 0.162117, 7.4e-07, 0.0484583, 2.7e-07
603000, 0.162279, 7.3e-07, 0.048504, 2.6e-07
604000, 0.162458, 8.4e-07, 0.0485537, 2.8e-07
605000, 0.162629, 7.1e-07, 0.0486057, 3.4e-07
606000, 0.162792, 7.8e-07, 0.0486566, 3e-07
607000, 0.162984, 9.9e-07, 0.0487076, 3.1e-07
608000, 0.16316, 8.2e-07, 0.0487594, 3e-07
609000, 0.163363, 9.3e-07, 0.0488099, 3e-07
610000, 0.163536, 7e-07, 0.0488604, 2.8e-07
611000, 0.163699, 1.5e-06, 0.0489112, 2.9e-07
612000, 0.163882, 4.16e-06, 0.0489625, 2.7e-07
613000, 0.164067, 8.4e-07, 0.0490135, 3.1e-07
614000, 0.164245, 7.9e-07, 0.0490643, 2.9e-07
615000, 0.16444, 9.7e-07, 0.0491154, 2.8e-07
616000, 0.164606, 9.7e-07, 0.0491658, 2.9e-07
617000, 0.16478, 7.9e-07, 0.0492167, 2.9e-07
618000, 0.164958, 7.9e-07, 0.0492619, 2.9e-07
619000, 0.165136, 8.9e-07, 0.0493152, 2.9e-07
620000, 0.165307, 8e-07, 0.0493659, 2.9e-07
621000, 0.165487, 8.2e-07, 0.0494169, 3e-07
622000, 0.165659, 1.02e-06, 0.049467, 3e-07
623000, 0.165832, 7e-07, 0.0495175, 3.1e-07
624000, 0.166003, 9.2e-07, 0.0495676, 3.1e-07
625000, 0.166204, 9e-07, 0.0496183, 2.9e-07
626000, 0.166389, 1.01e-06, 0.0496694, 2.9e-07
627000, 0.166558, 8.1e-07, 0.04972, 2.8e-07
628000, 0.166732, 1.1e-06, 0.0497699, 3e-07
629000, 0.166911, 8e-07, 0.0498205, 2.7e-07
630000, 0.167095, 8.3e-07, 0.049871, 3.1e-07
631000, 0.167266, 8.4e-07, 0.0499222, 2.8e-07
632000, 0.167439, 9.9e-07, 0.0499729, 2.7e-07
633000, 0.167618, 7.6e-07, 0.0500172, 2.8e-07
634000, 0.167784, 7.7e-07, 0.050068, 2.8e-07
635000, 0.167984, 7.5e-07, 0.0501183, 2.7e-07
636000, 0.168157, 7.3e-07, 0.0501677, 2.9e-07
637000, 0.16833, 8.4e-07, 0.0502181, 3.1e-07
638000, 0.168516, 9.6e-07, 0.0502728, 3e-07
639000, 0.168683, 1.18e-06, 0.0503231, 3e-07
640000, 0.168854, 8.4e-07, 0.0503735, 2.9e-07
641000, 0.169044, 7.7e-07, 0.0504234, 2.8e-07
642000, 0.169211, 8.3e-07, 0.0504736, 2.9e-07
643000, 0.169391, 7.5e-07, 0.0505251, 3.2e-07
644000, 0.169558, 7.6e-07, 0.0505751, 2.9e-07
645000, 0.169731, 7.9e-07, 0.0506259, 3.1e-07
646000, 0.169957, 9.4e-07, 0.0506762, 3.5e-07
647000, 0.170124, 7.6e-07, 0.0507274, 3.1e-07
648000, 0.170297, 7.9e-07, 0.0507717, 3.2e-07
649000, 0.170477, 1.32e-06, 0.0508229, 2.8e-07
650000, 0.170647, 9.7e-07, 0.0508734, 2.8e-07
651000, 0.170832, 1.58e-06, 0.0509235, 2.9e-07
652000, 0.17112, 2.06e-06, 0.0509738, 3.1e-07
653000, 0.171298, 1.32e-06, 0.0510241, 2.9e-07
654000, 0.1715, 1.08e-06, 0.0510751, 3.3e-07
655000, 0.171706, 1.44e-06, 0.0511258, 2.7e-07
656000, 0.171938, 9.5e-07, 0.0511762, 3.6e-07
657000, 0.172157, 9.1e-07, 0.0512296, 2.9e-07
658000, 0.172359, 8.8e-07, 0.0512807, 3e-07
659000, 0.172547, 8.8e-07, 0.0513308, 2.8e-07
660000, 0.172734, 9.7e-07, 0.0513824, 2.9e-07
661000, 0.172929, 7.2e-07, 0.0514331, 2.8e-07
662000, 0.173106, 1.04e-06, 0.0514854, 3.1e-07
663000, 0.173294, 8.9e-07, 0.0515322, 3.3e-07
664000, 0.17347, 8.9e-07, 0.0515866, 3.4e-07
665000, 0.173636, 8.5e-07, 0.0516382, 2.9e-07
666000, 0.173875, 8.5e-07, 0.0516885, 2.8e-07
667000, 0.174043, 1e-06, 0.05174, 3.3e-07
668000, 0.174214, 9.7e-07, 0.0517903, 3.3e-07
669000, 0.174397, 1.72e-06, 0.0518412, 2.9e-07
670000, 0.174564, 1.12e-06, 0.0518919, 2.8e-07
671000, 0.174744, 9e-07, 0.051943, 2.8e-07
672000, 0.174922, 6.2e-07, 0.0519937, 2.9e-07
673000, 0.175086, 7.2e-07, 0.0520441, 2.7e-07
674000, 0.175256, 8.2e-07, 0.0520944, 3e-07
675000, 0.175432, 1.34e-06, 0.0521492, 3e-07
676000, 0.17565, 7.7e-07, 0.0522, 3e-07
677000, 0.175825, 8.5e-07, 0.0522509, 2.9e-07
678000, 0.176004, 2.15e-06, 0.052295, 3e-07
679000, 0.176192, 1.85e-06, 0.0523461, 3.5e-07
680000, 0.176368, 1.66e-06, 0.0523959, 3e-07
681000, 0.176546, 7.4e-07, 0.0524473, 2.7e-07
682000, 0.176745, 2.06e-06, 0.0524981, 2.9e-07
683000, 0.176956, 8.9e-07, 0.0525496, 2.8e-07
684000, 0.177164, 1.06e-06, 0.0526001, 2.7e-07
685000, 0.177356, 9e-07, 0.0526508, 2.7e-07
686000, 0.177571, 8.9e-07, 0.0527012, 3.1e-07
687000, 0.177777, 9.1e-07, 0.0527514, 4.1e-07
688000, 0.177972, 1.22e-06, 0.0528026, 2.9e-07
689000, 0.178182, 8.4e-07, 0.0528535, 2.7e-07
690000, 0.178378, 9.4e-07, 0.0529076, 2.8e-07
691000, 0.178576, 8.1e-07, 0.0529602, 2.8e-07
692000, 0.178787, 9.1e-07, 0.053027, 3.4e-07
693000, 0.178977, 1e-06, 0.0530931, 3.7e-07
694000, 0.179176, 9.4e-07, 0.0531544, 3.7e-07
695000, 0.179393, 1.53e-06, 0.0532175, 3.2e-07
696000, 0.179712, 1.22e-06, 0.0532769, 4.6e-07
697000, 0.17993, 1.03e-06, 0.0533517, 3.9e-07
698000, 0.180142, 9.8e-07, 0.0534093, 2.9e-07
699000, 0.180359, 9.6e-07, 0.0534604, 3.4e-07
700000, 0.180574, 9.6e-07, 0.0535111, 3.3e-07
701000, 0.18077, 9e-07, 0.0535787, 3.6e-07
702000, 0.180969, 1.15e-06, 0.0536516, 5.1e-07
703000, 0.181213, 2.11e-06, 0.053724, 5.3e-07
704000, 0.181506, 1.41e-06, 0.053793, 5.4e-07
705000, 0.181738, 1.9e-06, 0.0539173, 5.9e-07
706000, 0.181948, 9e-07, 0.054003, 4e-07
707000, 0.182167, 8.1e-07, 0.0540765, 3.2e-07
708000, 0.182369, 9.6e-07, 0.0541294, 4e-07
709000, 0.182596, 1.05e-06, 0.0541742, 2.8e-07
710000, 0.182814, 8.9e-07, 0.0542244, 2.8e-07
711000, 0.183004, 1.07e-06, 0.0542756, 3.9e-07
712000, 0.183226, 9.3e-07, 0.0543267, 3e-07
713000, 0.183424, 1.04e-06, 0.0543767, 3.1e-07
714000, 0.18365, 9.9e-07, 0.0544539, 4.1e-07
715000, 0.183919, 1.09e-06, 0.0545118, 1.85e-06
716000, 0.184174, 1.12e-06, 0.0545784, 3.1e-07
717000, 0.184442, 1.18e-06, 0.0546306, 3.3e-07
718000, 0.184707, 1.12e-06, 0.0546809, 2.9e-07
719000, 0.184946, 1.04e-06, 0.0547315, 2.8e-07
720000, 0.185207, 1.32e-06, 0.0547811, 4.5e-07
721000, 0.185455, 8.2e-07, 0.054858, 4.5e-07
722000, 0.185654, 9.1e-07, 0.0549269, 3.5e-07
723000, 0.185895, 1.44e-06, 0.0549987, 4.2e-07
724000, 0.186096, 8.7e-07, 0.0550611, 4e-07
725000, 0.186333, 2e-06, 0.0551262, 3.6e-07
726000, 0.186586, 1.11e-06, 0.0551923, 4.4e-07
727000, 0.186825, 3.81e-06, 0.0552601, 3.4e-07
728000, 0.187089, 9.5e-07, 0.0553282, 4.2e-07
729000, 0.187348, 1.12e-06, 0.0554079, 4.4e-07
730000, 0.187614, 9.8e-07, 0.0554817, 4.5e-07
731000, 0.187844, 1.14e-06, 0.0555506, 1.92e-06
732000, 0.188092, 9.7e-07, 0.0556479, 3.2e-07
733000, 0.188352, 1.21e-06, 0.055701, 3.1e-07
734000, 0.188608, 1.1e-06, 0.0557577, 3e-07
735000, 0.188866, 1.22e-06, 0.055808, 2.9e-07
736000, 0.189132, 1.24e-06, 0.0558588, 2.9e-07
737000, 0.189374, 1.31e-06, 0.0559093, 2.8e-07
738000, 0.189634, 1.17e-06, 0.055959, 3e-07
739000, 0.189862, 1.85e-06, 0.0560039, 3.1e-07
740000, 0.190112, 1.04e-06, 0.056055, 2.9e-07
741000, 0.190362, 1.16e-06, 0.0561056, 2.8e-07
742000, 0.190596, 1.11e-06, 0.0561559, 3e-07
743000, 0.190851, 1.26e-06, 0.056207, 3e-07
744000, 0.191075, 1.05e-06, 0.0562571, 2.9e-07
745000, 0.191315, 1.08e-06, 0.0563078, 3.2e-07
746000, 0.191583, 1.06e-06, 0.0563661, 4.9e-07
747000, 0.191831, 1.01e-06, 0.0564322, 3.1e-07
748000, 0.192067, 1.19e-06, 0.0564836, 3.2e-07
749000, 0.192309, 1.08e-06, 0.0565347, 2.6e-07
750000, 0.192542, 1.15e-06, 0.0565857, 2.8e-07
751000, 0.192791, 1.05e-06, 0.0566361, 2.8e-07
752000, 0.193025, 1.23e-06, 0.0566955, 3.1e-07
753000, 0.193265, 9.5e-07, 0.0567472, 2.6e-07
754000, 0.193515, 1.76e-06, 0.0567918, 2.9e-07
755000, 0.193741, 1.31e-06, 0.0568423, 2.9e-07
756000, 0.194029, 1.11e-06, 0.0568925, 3e-07
757000, 0.194273, 1.18e-06, 0.0569434, 2.8e-07
758000, 0.194512, 1.14e-06, 0.0569947, 2.7e-07
759000, 0.194755, 1.17e-06, 0.0570453, 2.9e-07
760000, 0.194996, 1.85e-06, 0.0570966, 2.9e-07
761000, 0.195233, 9.5e-07, 0.0571472, 2.7e-07
762000, 0.195466, 1.2e-06, 0.0571971, 3e-07
763000, 0.19571, 1.66e-06, 0.0572471, 2.7e-07
764000, 0.195953, 1.08e-06, 0.0572975, 3.2e-07
765000, 0.196176, 1.14e-06, 0.0573475, 3e-07
766000, 0.196427, 1.06e-06, 0.0573991, 3.2e-07
767000, 0.19665, 1.18e-06, 0.0574496, 2.9e-07
768000, 0.19689, 1.23e-06, 0.0574997, 3.1e-07
769000, 0.19714, 3.17e-06, 0.0575444, 2.9e-07
770000, 0.197379, 1.95e-06, 0.0576006, 2.7e-07
771000, 0.197631, 1.71e-06, 0.0576588, 2.9e-07
772000, 0.197863, 9.4e-07, 0.0577105, 2.9e-07
773000, 0.198097, 1.14e-06, 0.057761, 2.9e-07
774000, 0.198348, 1.12e-06, 0.0578121, 2.7e-07
775000, 0.198612, 1.1e-06, 0.0578624, 2.8e-07
776000, 0.19885, 1.95e-06, 0.0579124, 2.7e-07
777000, 0.1991, 4.59e-06, 0.0579698, 3.7e-07
778000, 0.199334, 1e-06, 0.0580308, 3e-07
779000, 0.199578, 1.05e-06, 0.0580824, 3.4e-07
780000, 0.19982, 1.2e-06, 0.058133, 2.8e-07
781000, 0.200053, 1.11e-06, 0.0581824, 2.9e-07
782000, 0.200289, 1.09e-06, 0.0582334, 2.8e-07
783000, 0.200533, 9.5e-07, 0.0582848, 2.7e-07
784000, 0.20077, 1.37e-06, 0.0583301, 2.8e-07
785000, 0.200998, 2.16e-06, 0.0583804, 2.9e-07
786000, 0.201257, 1.09e-06, 0.0584321, 2.7e-07
787000, 0.201546, 1.42e-06, 0.0584832, 2.8e-07
788000, 0.201795, 1.47e-06, 0.0585337, 2.6e-07
789000, 0.202043, 1.3e-06, 0.0585847, 5.3e-07
790000, 0.202271, 1.03e-06, 0.0586605, 2.9e-07
791000, 0.202533, 1.49e-06, 0.0587157, 2.9e-07
792000, 0.202769, 1.16e-06, 0.0587667, 2.7e-07
793000, 0.203, 1.17e-06, 0.0588183, 2.9e-07
794000, 0.20325, 1.11e-06, 0.0588696, 3.2e-07
795000, 0.203492, 1.25e-06, 0.0589509, 4.2e-07
796000, 0.203725, 1.04e-06, 0.0590278, 3.8e-07
797000, 0.203969, 1.03e-06, 0.059147, 4.7e-07
798000, 0.204189, 1.63e-06, 0.0592515, 5.2e-07
799000, 0.204429, 1.03e-06, 0.0593169, 5.5e-07
800000, 0.204668, 4.6e-06, 0.0593879, 4.7e-07
801000, 0.204893, 1.09e-06, 0.059455, 4.2e-07
802000, 0.205122, 1.16e-06, 0.0595441, 4.7e-07
803000, 0.205368, 1.04e-06, 0.0596118, 4.2e-07
804000, 0.2056, 1.22e-06, 0.0596785, 4.2e-07
805000, 0.205844, 1.09e-06, 0.0597453, 3.9e-07
806000, 0.206065, 1.09e-06, 0.0598163, 3.7e-07
807000, 0.206303, 1.01e-06, 0.0598857, 4e-07
808000, 0.206538, 9.3e-07, 0.0599642, 3.7e-07
809000, 0.206768, 1.06e-06, 0.0600399, 4.5e-07
810000, 0.206998, 1.43e-06, 0.0601182, 3.8e-07
811000, 0.207248, 1.14e-06, 0.0601716, 3.3e-07
812000, 0.207488, 1.01e-06, 0.0602222, 3.1e-07
813000, 0.20771, 1.03e-06, 0.0602724, 2.8e-07
814000, 0.207951, 1.11e-06, 0.0603162, 2.9e-07
815000, 0.208185, 1.1e-06, 0.0603662, 3.8e-07
816000, 0.208409, 1.94e-06, 0.0604172, 3e-07
817000, 0.208653, 9.1e-07, 0.0604843, 4.3e-07
818000, 0.208885, 9.9e-07, 0.0605367, 3.7e-07
819000, 0.209183, 1.16e-06, 0.0605892, 2.7e-07
820000, 0.20944, 1.16e-06, 0.0606407, 3.1e-07
821000, 0.209665, 1.03e-06, 0.0606939, 3.1e-07
822000, 0.209902, 1.34e-06, 0.0607473, 3e-07
823000, 0.210149, 1.61e-06, 0.0608017, 3.5e-07
824000, 0.210379, 2.24e-06, 0.0608556, 3.3e-07
825000, 0.210623, 1.41e-06, 0.0609099, 2.7e-07
826000, 0.210849, 1.53e-06, 0.0609638, 2.9e-07
827000, 0.211083, 1.04e-06, 0.0610178, 2.9e-07
828000, 0.211347, 1.13e-06, 0.0611234, 3.5e-07
829000, 0.211577, 1.13e-06, 0.0611802, 4.2e-07
830000, 0.211816, 9.8e-07, 0.0612449, 3.6e-07
831000, 0.212085, 1.86e-06, 0.0613367, 2.9e-07
832000, 0.212323, 1.03e-06, 0.0614056, 3.2e-07
833000, 0.212552, 9.4e-07, 0.0614582, 2.9e-07
834000, 0.212789, 9.7e-07, 0.0615094, 2.9e-07
835000, 0.213022, 1.46e-06, 0.0615599, 2.9e-07
836000, 0.213254, 1.03e-06, 0.0616111, 3.1e-07
837000, 0.2135, 1.63e-06, 0.0616614, 2.8e-07
838000, 0.213739, 1.6e-06, 0.0617124, 2.6e-07
839000, 0.213967, 1.79e-06, 0.0617623, 2.7e-07
840000, 0.214218, 1.05e-06, 0.0618127, 2.7e-07
841000, 0.214452, 1.04e-06, 0.0618627, 3.2e-07
842000, 0.21469, 1.73e-06, 0.0619132, 2.6e-07
843000, 0.21493, 1.17e-06, 0.0619637, 2.7e-07
844000, 0.215157, 1.05e-06, 0.0620088, 2.8e-07
845000, 0.215407, 2.05e-06, 0.0620589, 3.1e-07
846000, 0.215643, 1.69e-06, 0.062108, 3e-07
847000, 0.215875, 9.8e-07, 0.0621582, 2.9e-07
848000, 0.216118, 1.14e-06, 0.0622091, 3e-07
849000, 0.216345, 1.06e-06, 0.0622594, 2.9e-07
850000, 0.216575, 9.2e-07, 0.0623097, 3e-07
851000, 0.216826, 1.89e-06, 0.0623718, 3.2e-07
852000, 0.217057, 1.03e-06, 0.0624224, 2.7e-07
853000, 0.217298, 1.24e-06, 0.0624743, 2.8e-07
854000, 0.217572, 1.56e-06, 0.0625248, 3.1e-07
855000, 0.217812, 1.09e-06, 0.0625757, 2.7e-07
856000, 0.218044, 1.1e-06, 0.062627, 3e-07
857000, 0.218286, 1.08e-06, 0.0626942, 4.4e-07
858000, 0.218519, 1.09e-06, 0.062757, 3.3e-07
859000, 0.21876, 1.07e-06, 0.062809, 3.5e-07
860000, 0.218996, 1.41e-06, 0.0628673, 3.4e-07
861000, 0.219239, 1.2e-06, 0.0629262, 4.1e-07
862000, 0.219476, 1.04e-06, 0.0629853, 3.7e-07
863000, 0.219713, 9.7e-07, 0.063059, 3.5e-07
864000, 0.219941, 1.01e-06, 0.0631105, 3e-07
865000, 0.220179, 1.01e-06, 0.063169, 5.3e-07
866000, 0.220409, 1.68e-06, 0.0632369, 3.8e-07
867000, 0.22064, 2.44e-06, 0.0632888, 2.8e-07
868000, 0.220883, 1.79e-06, 0.0633392, 3.2e-07
869000, 0.221121, 1.74e-06, 0.0633921, 3e-07
870000, 0.221349, 1.03e-06, 0.0634429, 2.8e-07
871000, 0.221597, 2.4e-06, 0.0634928, 3.3e-07
872000, 0.221822, 2.13e-06, 0.0635436, 3e-07
873000, 0.222061, 2.32e-06, 0.0635954, 2.7e-07
874000, 0.222317, 3.4e-06, 0.0636394, 2.8e-07
875000, 0.222544, 1.97e-06, 0.06369, 3e-07
876000, 0.222778, 1.14e-06, 0.0637406, 3.1e-07
877000, 0.223018, 1.64e-06, 0.0637906, 3.4e-07
878000, 0.223259, 4.98e-06, 0.0638408, 3.4e-07
879000, 0.223519, 1.13e-06, 0.0638914, 2.9e-07
880000, 0.223743, 2.8e-06, 0.0639414, 3.4e-07
881000, 0.223976, 3.11e-06, 0.0639921, 2.9e-07
882000, 0.224233, 2.17e-06, 0.0640429, 3.1e-07
883000, 0.224456, 1.09e-06, 0.0640933, 3.6e-07
884000, 0.224689, 1.16e-06, 0.0641548, 3.5e-07
885000, 0.224927, 1.07e-06, 0.0642077, 3e-07
886000, 0.225175, 1.2e-06, 0.0642585, 3.1e-07
887000, 0.225409, 1.26e-06, 0.0643088, 2.8e-07
888000, 0.225647, 1.12e-06, 0.0643781, 4.1e-07
889000, 0.225879, 1.05e-06, 0.0644286, 3.2e-07
890000, 0.226145, 1.15e-06, 0.0644875, 3.4e-07
891000, 0.226391, 1.36e-06, 0.0645453, 4.3e-07
892000, 0.226627, 9.7e-07, 0.0646039, 3.4e-07
893000, 0.226852, 1.06e-06, 0.0646626, 3.3e-07
894000, 0.227119, 1.25e-06, 0.0647227, 3.3e-07
895000, 0.227349, 1.54e-06, 0.0647803, 3.9e-07
896000, 0.227599, 1.6e-06, 0.0648536, 4e-07
897000, 0.227838, 2.2e-06, 0.0649214, 4.2e-07
898000, 0.228082, 1.3e-06, 0.0649894, 4.1e-07
899000, 0.228328, 1.07e-06, 0.0650595, 1e-06
900000, 0.228562, 2.1e-06, 0.0651464, 2.9e-07
901000, 0.228796, 2.48e-06, 0.0651969, 2.7e-07
902000, 0.229056, 2.92e-06, 0.0652478, 2.9e-07
903000, 0.229286, 9.2e-07, 0.0652978, 2.8e-07
904000, 0.229517, 9.9e-07, 0.0653431, 2.7e-07
905000, 0.229761, 1.51e-06, 0.0653938, 2.8e-07
906000, 0.229996, 3.55e-06, 0.0654451, 3e-07
907000, 0.230235, 1.64e-06, 0.0654946, 3e-07
908000, 0.230477, 1.03e-06, 0.0655449, 2.8e-07
909000, 0.230714, 9.3e-07, 0.0655953, 3e-07
910000, 0.230954, 1.1e-06, 0.0656455, 2.9e-07
911000, 0.231202, 1.11e-06, 0.0656973, 2.9e-07
912000, 0.231439, 1.12e-06, 0.0657479, 2.8e-07
913000, 0.231667, 1.39e-06, 0.0657996, 3e-07
914000, 0.231912, 1.14e-06, 0.0658506, 2.9e-07
915000, 0.232149, 1.2e-06, 0.0659023, 3e-07
916000, 0.232408, 2.07e-06, 0.0659529, 3.6e-07
917000, 0.232647, 3.11e-06, 0.0660128, 3.3e-07
918000, 0.232882, 1.06e-06, 0.0660914, 3.5e-07
919000, 0.233139, 1.15e-06, 0.0661528, 4.4e-07
920000, 0.23338, 1.75e-06, 0.0662209, 4.1e-07
921000, 0.233611, 5.2e-06, 0.0662889, 3.7e-07
922000, 0.233864, 2.25e-06, 0.0663563, 3.7e-07
923000, 0.234103, 1.14e-06, 0.0664242, 4.5e-07
924000, 0.234341, 1.03e-06, 0.0664926, 3.8e-07
925000, 0.234606, 1.27e-06, 0.0665618, 4.2e-07
926000, 0.234837, 2.9e-06, 0.0666305, 3.9e-07
927000, 0.235091, 1.77e-06, 0.0667025, 3.8e-07
928000, 0.235358, 1.72e-06, 0.0667712, 4.5e-07
929000, 0.235587, 9.9e-07, 0.066839, 4.2e-07
930000, 0.235826, 1.48e-06, 0.0669071, 4.1e-07
931000, 0.236086, 2.34e-06, 0.0669893, 4.2e-07
932000, 0.236328, 5.99e-06, 0.0670582, 3.9e-07
933000, 0.236577, 2.17e-06, 0.0671267, 7.1e-07
934000, 0.236804, 1.14e-06, 0.0671867, 3.8e-07
935000, 0.237099, 1.46e-06, 0.067255, 3.8e-07
936000, 0.237425, 1.39e-06, 0.0673242, 4e-07
937000, 0.237655, 1.13e-06, 0.0673926, 3.7e-07
938000, 0.237891, 1.23e-06, 0.0674612, 3.7e-07
939000, 0.238128, 1.35e-06, 0.0675291, 3.8e-07
940000, 0.238364, 1.08e-06, 0.0675967, 3.7e-07
941000, 0.238587, 1.39e-06, 0.0676651, 3.9e-07
942000, 0.238842, 1.35e-06, 0.0677324, 4.3e-07
943000, 0.239076, 2.19e-06, 0.067799, 4e-07
944000, 0.23931, 1.23e-06, 0.0678692, 4.3e-07
945000, 0.239554, 9.8e-07, 0.0679495, 4.9e-07
946000, 0.239796, 1.26e-06, 0.0680187, 4.3e-07
947000, 0.240022, 9.7e-07, 0.0680882, 3.7e-07
948000, 0.240272, 1.03e-06, 0.0681657, 4.6e-07
949000, 0.240494, 1.14e-06, 0.0682432, 2.9e-07
950000, 0.240746, 1.3e-06, 0.0682884, 2.9e-07
951000, 0.240984, 1.01e-06, 0.0683389, 4.6e-07
952000, 0.241216, 1.34e-06, 0.0684037, 3.6e-07
953000, 0.24146, 1.57e-06, 0.0684814, 5.6e-07
954000, 0.241691, 9.7e-07, 0.0685603, 3.2e-07
955000, 0.241923, 1.96e-06, 0.0686131, 3.3e-07
956000, 0.24218, 1.03e-06, 0.0686642, 3e-07
957000, 0.242403, 1.12e-06, 0.0687146, 4e-07
958000, 0.242642, 1.1e-06, 0.0687656, 2.7e-07
959000, 0.242881, 1.87e-06, 0.0688148, 2.9e-07
960000, 0.243125, 2.17e-06, 0.068891, 3.6e-07
961000, 0.243362, 5.18e-06, 0.0689595, 4.1e-07
962000, 0.243611, 1.34e-06, 0.0690293, 4.8e-07
963000, 0.243855, 9.7e-07, 0.0690889, 3.2e-07
964000, 0.244078, 9.1e-07, 0.0691409, 3.3e-07
965000, 0.244328, 1.34e-06, 0.069187, 3e-07
966000, 0.244563, 1.01e-06, 0.0692444, 2.8e-07
967000, 0.244787, 1.16e-06, 0.0693158, 3.2e-07
968000, 0.245031, 1.24e-06, 0.0693976, 2.9e-07
969000, 0.245269, 1.19e-06, 0.0694531, 3.1e-07
970000, 0.245509, 1.53e-06, 0.0695038, 2.8e-07
971000, 0.245747, 1.55e-06, 0.0695546, 2.8e-07
972000, 0.24597, 1.17e-06, 0.0696046, 2.7e-07
973000, 0.246224, 1.15e-06, 0.0696556, 2.7e-07
974000, 0.246461, 1.17e-06, 0.0697055, 3e-07
975000, 0.24669, 4.29e-06, 0.0697549, 3e-07
976000, 0.246943, 1.86e-06, 0.0698162, 2.9e-07
977000, 0.247178, 1.16e-06, 0.0698669, 3.3e-07
978000, 0.247419, 6.58e-06, 0.0699511, 4.2e-07
979000, 0.24767, 2.33e-06, 0.0700139, 3.1e-07
980000, 0.2479, 1.46e-06, 0.0700593, 2.8e-07
981000, 0.248141, 1.58e-06, 0.0701281, 4.5e-07
982000, 0.248412, 2.22e-06, 0.0701939, 4.8e-07
983000, 0.248698, 1.22e-06, 0.0702446, 2.9e-07
984000, 0.248946, 2.18e-06, 0.0702969, 3e-07
985000, 0.249214, 2.24e-06, 0.0703472, 3.1e-07
986000, 0.249453, 2.91e-06, 0.0704111, 3.1e-07
987000, 0.249714, 1.09e-06, 0.0704851, 3.4e-07
988000, 0.249964, 1.28e-06, 0.0705395, 2.9e-07
989000, 0.250225, 1.36e-06, 0.0705912, 3.1e-07
990000, 0.250471, 1.07e-06, 0.0706445, 5.1e-07
991000, 0.250713, 1.52e-06, 0.0707315, 4.3e-07
992000, 0.250949, 9.1e-07, 0.0708133, 3.6e-07
993000, 0.251222, 1.04e-06, 0.0708837, 3.5e-07
994000, 0.25146, 9.9e-07, 0.0709715, 3.5e-07
995000, 0.251684, 1.18e-06, 0.0710175, 2.9e-07
996000, 0.251936, 2.02e-06, 0.0710679, 3e-07
997000, 0.252176, 1.02e-06, 0.0711176, 2.7e-07
998000, 0.252405, 1.82e-06, 0.0711678, 2.6e-07
999000, 0.25265, 9.4e-07, 0.0712187, 3.2e-07
1e+06, 0.252881, 5.97e-06, 0.0712694, 2.9e-07
